prio,msg
1,Hello server
2,Another message
1,This is a random text
2,Another example of sample data
1,Five words in a sentence
2,Text generation for a file
1,Creating CSV with many rows
2,Another sentence for the file
1,This file has random content
2,Example rows in this dataset
1,Generating values for testing purposes
2,One two three four five
1,Simple structure of a CSV
2,Random words combined in text
1,Adding more rows to data
2,Building content for a file
1,This is another example line
2,Dynamic generation with simple patterns
1,These sentences are randomly crafted
2,Creating content for testing purposes
1,A practical example for CSV files
2,Adding rows with random examples
1,Structured data for text generation
2,Testing ideas for simple examples
1,This is an automated process
2,Another line for your CSV file
1,Here is a sentence of five
2,Random texts for a generated file
1,Organizing rows for CSV content
2,Structured testing for random rows
1,Generated rows with random values
2,Dynamic examples for CSV rows
1,Automating tests with this approach
2,Practical testing examples for projects
1,Simple sentence generation for data
2,Row generation with basic principles
1,Automated file creation for tests
2,These are examples for CSVs
1,Testing structure with dynamic rows
2,Another generated example for CSVs
1,Writing rows with structured sentences
2,Testing dynamic phrases for files
1,Organized content in CSV formats
2,Another basic structure for rows
1,Examples generated for testing structure
2,A simple way to generate files
1,CSV rows with automated creation
2,Testing example values for text files
1,Practical application of CSV files
2,Generated examples for structured files
1,This is a generated CSV example
2,Dynamically created rows for testing
1,File generation with random text data
2,Structured examples of five-word phrases
1,Another random sentence for testing
2,This process generates structured rows
1,Testing CSV files with random content
2,Adding organized examples to the file
1,Generated rows for a structured file
2,Another dynamic example for CSV tests
1,Simple sentences for structured rows
2,Testing generation of random phrases
1,Organized values in random row files
2,Generated files for dynamic testing
1,Practical structure for row generation
2,Writing random sentences in files
1,Dynamic row examples for file creation
2,Testing structured rows for data files
1,Bye server